6 4,3,6,2,,,,,,,,,,
"",,,,,,0.98,,0.10,,,,,
tonSp−N=P(n−Bu)3,,,,,31.05,,,,,,,,
"",,,,,,,,,0.66,,,1.13,
2−C6H4−CH=P(tmp)3,,,,,30.68,,0.70,,,,,,
"",,,,,,,,0.60,,,,,
ProtonSp−N=P(cp)3,,,,,30.55,,,,,,,,
"",,,,,,,,,,,1.09,,
−CF3−C6H4P3(pyrr)7,,,,,30.46,,,,,,,,
"",,,,,,,,0.14,,0.89,,,1.24
EtP1(pyrr)3,28.88,,,,,,,,,,,,,,,,,,,,,,,,,,,
"",,,,,,,,,,0.74,,,,,,,,,,,,,,,,,,
t−BuP1(pyrr)3,28.42,,0.61,,,,,,,,,,,,,,,,,,,,,,,,,
"",,0.17,,,,,,,,,,,,,,,,,,,,,,,,,,
4−MeO−C6H4P2(pyrr)5,28.23,,,,,,,,1.60,,,,,,,,,,,,,,,,,,,
"",,,,,0.27,,1.36,,,,,,,,,,,,,,,,,,,,,
[i−Pr][i−Pr]IYA,27.98,,,,,0.59,,0.86,,,,,,,,,,,,,,,,,,,,
"",,0.64,,,,,,,,,,,,,,,,,,,,,,,,,,
[(CH2)3dma][(CH2)3dma]TMAIMG,27.66,,,,,,,,,,,,,,,,,,,,,,0.67,,,,,
"",,,0.69,,0.09,,,,,,,,,,,,,,,,,,,,,,,
PhP2(pyrr)5,27.56,,,,,,,,,0.84 2.10,,,,,,,,,,,,,,,,,,
"",,,,,,,,,,,,,,,0.01,,,,,,,,1.00,,,,,
[Et][(CH2)3dma]TMAIMG,27.54,,,,,,,0.02,,,,,,,,,,1.12,,,,,,,,,,
"",,,,,,,,,,,,0.18,,,,1.05,,,,,,,,,,,,
MeP1(dma)3,27.52,,,,,,,,,,,,,,,,,,0.28,,,,,,1.10,,,
"",,,,1.21,,,,,,,,,,,,,,,,,,,,,,,,
t−BuP1(TACD),27.38,,,,,,,,,,,,,,,,,,,0.44,,,,,,,,
"",,,,,,,,,,1.49,,,,,,,,,,,0.46,,,,,,,
[ch][ch]TMAIMG,27.25,,,,,,0.55,,,,,,,,,,,,,,,,,,1.55,,,ProtonSp-R
"",,0.60,,,,,,,,,,,,,,,,,,,,,,,,,,
[Me][i−Pr]IYA,27.2,,,,,,,,,,0.88,,,,,,,,,,,,,,,,,
"",,,,,,,,,,,,,,,,,,,,,,0.88,,,,,,
[dma][dma]Guanidine,27.15,,,,0.95,,,,,,,,,,,,1.93,,,,,,,,,,,
[i−Pr][i−Pr]TMAIMG,27.11,,,,,,,,,,,,,,,,,,,,,,,,,,,
HP1(pyrr)3,27.01,,,,,,,0.94,,,,,,1.50,,,,,,,,,,,,,,
"",,,,,,1.70,,,,,,,,,,,,,,,,,,,,,,
t−BuP1(dma)3,26.98,,,,,,,,,,,0.77,,,,,,,,,,,,,,,,
"",,,,,,,,,,,,,,,,,,,0.98,,,,,,,,,
t−BuP1(pip)3,26.70,,,,,,,,,,,,,,,,,,,,,,,,,,,
[(CH2)3OMe][(CH2)3OMe]TMAIMG,26.66,0.55,,,,,,,,,,,2.29,,,,,,,,,,,,,,,
"",,,0.25,,,,,,,,,,,,,,,,,,,,,,,,,
[H][dma]Guanidine,26.63,,,,,,,,,,,,,,2.10,,,,,,,,,,,,,
PhP2(dma)5,26.44,,,0.34,,,,,,,,,,,,,,,,,,,,,,,,
"",,,0.14,,,,,,1.83,,,,,,,,,,,,,,,,,,,
4−Br−C6H4P2(pyrr)5,26.30,,,,,,,,,,0.25,,,,,,,,,,,,,,,,,
"",,,,,,,,0.46,,,,,,,,,,,,,,,,,,,,
[CH2−t−Bu][i−Pr]IYA,26.25,,,,0.61,,,,,1.70,,,,,,,,1.84,,,,,,,,,,
TBD,26.02,,,,,,,,,,,,,,,0.56,,,,,,,,,,,,
HP1(dma)3,25.85,,,,,,,,,1.23,,,,,,,,,,,,,,,,,,
"",,,,0.81,,,,,,0.99,,,,,,,,,,,,,,,,,,
[dma][H]Guanidine,25.83,1.03,,,,,,,,,,,,,,,,,,,,,,,,,,
"2,6−{hpp}2C5H3N",25.7,,,,,,,,,,,,,,,,,,,,[R1][R2]IYA,,,,,IP,,Me -IP
"",,,1.04,,,,,,,,,,,,,,,,,,,,,,,,,2
IP,25.52,,,,,,1.40,,,,0.99,,,,,,,,,,,,,,,,,
"",,,,,0.43,,,,,,,,,,,,,,,,,,,,,,,
4−NO2−C6H4−CH=P(pyrr)3,25.49,,,,,0.18,,,,,,,,,,,,,,,,,,,,,,
"",,,,,,,,0.12,,,,0.56,,,,,,,,,,,,,,,,
MTBD,25.47,,,0.09,,,,,,,,,,0.31,,,,,,,,,,,,,,
"",,,,,,,,,,0.08,,,,,,0.25,,,,,,,,,,,,
2−Cl−C6H4P2(pyrr)5,25.40,,,,,,,,,,,,,,,,,,,,,,,,,,,
"",,,,,,0.10,,,,,,,,,,,,,,,,,,,,,,
Me2−IP,25.30,,,0.13,,1-(o-Tolyl)biguanide0.04,,,,,,,,,,,,,[R1][R2]TMAIMG,,,,,,[R1][R2]Triazine,,,
4−CF3−C6H4P2(pyrr)5,25.27,,,,,,,,,0.51,,,,,,,,,,,,,,,,,,
"",,,,0.34,,,,,,,,,,,,,,,,,,,,,,,,
ProtonSp−tmg,24.92,,,,,0.35,,,,,,,0.62,,,,,,,,,,,,,,,
"",,,,,,,,0.45,,,,,,,,,,,,,,,,,,,,
[H][H]Guanidine,24.90,,,,,,,,0.46,,,,,,,,,,,,,,,,,,,
"",,,,,,,,,,0.56,,,,,,,,,,,,,,,,,,
[H][OMe]Guanidine,24.82,,0.61,,,,,,,,,,,,0.97,,,,,,,,,,,,,
"",,1.05,,0.25,,,,,,,,,,,,,,,,,,,,,,,,
[OMe][H]Guanidine,24.79,,,,,,,,,,,0.85,,,,,,,,,,,,,,,,
"",,,,,,0.16,,,,1.12,,,,,,,,,,,,,,,,,,
[OMe][OMe]Guanidine,24.73,,,,1.57,,,,,,,,,,,,,,,,[R1][R2]Guanidine,,,,,,TMG,PhTMG
"",,,,,,,0.08,,,,1.16,,,,,,,,,,,,,,,,,
PhP1(dma)2tmg,24.67,,,,,,,,,,,,,,,,,,,,,,,,,,,
4−NO2−C6H4−CH=P(dma)3,24.53,,,,,,,,,,,,,,,,,,,,,,,,,,,
"",,,,,0.27,,1.36,,,,,,,,,,,,,,,,,,,,,
[i−Pr][i−Pr]IYA,27.98,,,,,0.59,0.86,,,,,,,,,,,,,,,,,,,,,
"",,0.64,,,,,,,,,,,,,,,,,,,,,,,,,,
[(CH2)3dma][(CH2)3dma]TMAIMG,27.66,,,,,,,,,,,,,,,,,,,,,,0.67,,,,,
"",,,0.69,,0.09,,,,,,,,,,,,,,,,,,,,,,,
PhP2(pyrr)5,27.56,,,,,,,,0.84 2.10,,,,,,,,,,,,,,,,,,,
"",,,,,,,,,,,,,,,0.01,,,,,,,,1.00,,,,,
[Et][(CH2)3dma]TMAIMG,27.54,,,,,,0.02,,,,,,,,,,,1.12,,,,,,,,,,
"",,,,,,,,,,,,0.18,,,,1.05,,,,,,,,,,,,
MeP1(dma)3,27.52,,,,,,,,,,,,,,,,,,0.28,,,,,,1.10,,,
"",,,,1.21,,,,,,,,,,,,,,,,,,,,,,,,
t−BuP1(TACD),27.38,,,,,,,,,,,,,,,,,,,0.44,,,,,,,,
"",,,,,,,,,,1.49,,,,,,,,,,,0.46,,,,,,,
[ch][ch]TMAIMG,27.25,,,,,,0.55,,,,,,,,,,,,,,,,,,1.55,,,ProtonSp-R
"",,0.60,,,,,,,,,,,,,,,,,,,,,,,,,,
[Me][i−Pr]IYA,27.2,,,,,,,,,,0.88,,,,,,,,,,,,,,,,,
"",,,,,,,,,,,,,,,,,,,,,,0.88,,,,,,
[dma][dma]Guanidine,27.15,,,,0.95,,,,,,,,,,,,1.93,,,,,,,,,,,
[i−Pr][i−Pr]TMAIMG,27.11,,,,,,,,,,,,,,,,,,,,,,,,,,,
HP1(pyrr)3,27.01,,,,,,0.94,,,,,,,1.50,,,,,,,,,,,,,,
"",,,,,,1.70,,,,,,,,,,,,,,,,,,,,,,
t−BuP1(dma)3,26.98,,,,,,,,,,,0.77,,,,,,,,,,,,,,,,
"",,,,,,,,,,,,,,,,,,,0.98,,,,,,,,,
t−BuP1(pip)3,26.70,,,,,,,,,,,,,,,,,,,,,,,,,,,
[(CH2)3OMe][(CH2)3OMe]TMAIMG,26.66,0.55,,,,,,,,,,,2.29,,,,,,,,,,,,,,,
"",,,0.25,,,,,,,,,,,,,,,,,,,,,,,,,
[H][dma]Guanidine,26.63,,,,,,,,,,,,,,2.10,,,,,,,,,,,,,
PhP2(dma)5,26.44,,,0.34,,,,,,,,,,,,,,,,,,,,,,,,
"",,,0.14,,,,,1.83,,,,,,,,,,,,,,,,,,,,
4−Br−C6H4P2(pyrr)5,26.30,,,,,,,,,,0.25,,,,,,,,,,,,,,,,,
"",,,,,,,0.46,,,,,,,,,,,,,,,,,,,,,
[CH2−t−Bu][i−Pr]IYA,26.25,,,,0.61,,,,1.70,,,,,,,,,1.84,,,,,,,,,,
TBD,26.02,,,,,,,,,,,,,,,0.56,,,,,,,,,,,,
HP1(dma)3,25.85,,,,,,,,1.23,,,,,,,,,,,,,,,,,,,
"",,,,0.81,,,,,,0.99,,,,,,,,,,,,,,,,,,
[dma][H]Guanidine,25.83,1.03,,,,,,,,,,,,,,,,,,,,,,,,,,
"2,6−{hpp}2C5H3N",25.7,,,,,,,,,,,,,,,,,,,,[R1][R2]IYA,,,,,IP,,Me -IP
"",,,1.04,,,,,,,,,,,,,,,,,,,,,,,,,2
IP,25.52,,,,,,1.40,,,,0.99,,,,,,,,,,,,,,,,,
"",,,,,0.43,,,,,,,,,,,,,,,,,,,,,,,
4−NO2−C6H4−CH=P(pyrr)3,25.49,,,,,0.18,,,,,,,,,,,,,,,,,,,,,,
"",,,,,,,0.12,,,,,0.56,,,,,,,,,,,,,,,,
MTBD,25.47,,,0.09,,,,,,,,,,0.31,,,,,,,,,,,,,,
"",,,,,,,,,,0.08,,,,,,0.25,,,,,,,,,,,,
2−Cl−C6H4P2(pyrr)5,25.40,,,,,,,,,,,,,,,,,,,,,,,,,,,
"",,,,,,0.10,,,,,,,,,,,,,,,,,,,,,,
Me2−IP,25.30,,,0.13,,1-(o-Tolyl)biguanide0.04,,,,,,,,,,,,,[R1][R2]TMAIMG,,,,,,[R1][R2]Triazine,,,
4−CF3−C6H4P2(pyrr)5,25.27,,,,,,,,,0.51,,,,,,,,,,,,,,,,,,
"",,,,0.34,,,,,,,,,,,,,,,,,,,,,,,,
ProtonSp−tmg,24.92,,,,,0.35,,,,,,,0.62,,,,,,,,,,,,,,,
"",,,,,,,0.45,,,,,,,,,,,,,,,,,,,,,
[H][H]Guanidine,24.90,,,,,,,0.46,,,,,,,,,,,,,,,,,,,,
"",,,,,,,,,0.56,,,,,,,,,,,,,,,,,,,
[H][OMe]Guanidine,24.82,,0.61,,,,,,,,,,,,0.97,,,,,,,,,,,,,
"",,1.05,,0.25,,,,,,,,,,,,,,,,,,,,,,,,
[OMe][H]Guanidine,24.79,,,,,,,,,,,0.85,,,,,,,,,,,,,,,,
"",,,,,,0.16,,,1.12,,,,,,,,,,,,,,,,,,,
[OMe][OMe]Guanidine,24.73,,,,1.57,,,,,,,,,,,,,,,,[R1][R2]Guanidine,,,,,,TMG,PhTMG
"",,,,,,,0.08,,,,1.16,,,,,,,,,,,,,,,,,
PhP1(dma)2tmg,24.67,,,,,,,,,,,,,,,,,,,,,,,,,,,
4−NO2−C6H4−CH=P(dma)3,24.53,,,,,,,,,,,,,,,,,,,,,,,,,,,
[H][i−Pr]IYA,24.44,,,,,0.45,,,,,,,,,,,,,,,,,,,,,,
"",,,,0.28,,,,,,,,,,,,,,,,,,,,,,,,
DBU,24.31,,,,,,,,,,,,,,,,,,,,,,,,,,,
2−Cl−C6H4P2(dma)5,24.23,,,,,,,,,,,,,,,,,,,,,,,,,,,
"",,,1.56,,,0.15,,,0.45,,,,,,,,,,,,,,,,,,,
2−{hpp}C5H4N,24.2,,,,,,,,,,,,,,,,,,,,H2C{hpp}2,,,,"2,6-{hpp}2C5H3N",,,2-{hpp}C5H4N
"",,,,,,,1.38,,,,,,,,,,,,,,,,,,,,,
4−dma−C6H4P1(pyrr)3,23.86,,,,,,,1.20,,,,,,,,,,,,,,,,,,,,
"",,1.11,,,,,2.22,,0.50,,,,,,,,,,,,,,,,,,,
TMG,23.35,,,1.23,,,,,,,,,,,,,,,,,,,,,,,,
"",,,,,0.77,,,,,,,,,,,,,,,,,,,,,,,
[H][OMe]Guanidine,24.82,,0.61,,,,,,,,,,,0.97,,,
"",,1.05,,0.25,,,,,,,,,,,,,
[OMe][H]Guanidine,24.79,,,,,,,,,,,,0.85,,,,
"",,,,,,0.16,,,,,1.12,,,,,,
[OMe][OMe]Guanidine,24.73,,,,1.57,,,,,,,,,,[R1][R2]Guanidine,TMG,PhTMG
"",,,,,,,0.08,,,,,1.16,,,,,
PhP1(dma)2tmg,24.67,,,,,,,,,,,,,,,,
4−NO2−C6H4−CH=P(dma)3,24.53,,,,,,,,,,,,,,,,
[H][i−Pr]IYA,24.44,,,,,0.45,,,,,,,,,,,
"",,,,0.28,,,,,,,,,,,,,
DBU,24.31,,,,,,,,,,,,,,,,
2−Cl−C6H4P2(dma)5,24.23,,,,,,,,,,,,,,,,
"",,,1.56,,,0.15,,,,0.45,,,,,,,
2−{hpp}C5H4N,24.2,,,,,,,,,,,,,,H2C{hpp}2,"2,6-{hpp}2C5H3N",2-{hpp}C5H4N
"",,,,,,,,1.38,,,,,,,,,
4−dma−C6H4P1(pyrr)3,23.86,,,,,,,,1.20,,,,,,,,
"",,1.11,,,,,2.22,,,0.50,,,,,,,
TMG,23.35,,,1.23,,,,,,,,,,,,,
"",,,,,0.77,,,,,,,,,,,,
[4−MeO−C6H4][i−Pr]IYA,23.24,,,,,,,,,0.24,,,,,,,
"",,,,,,,,,,,0.12,,,,,,
PhP1(dma)2tmg,24.67,,,,,,,,,,,,,,,,,,,,,,,
4−NO2−C6H4−CH=P(dma)3,24.53,,,,,,,,,,,,,,,,,,,,,,,
[H][i−Pr]IYA,24.44,,,,,0.45,,,,,,,,,,,,,,,,,,
"",,,,0.28,,,,,,,,,,,,,,,,,,,,
DBU,24.31,,,,,,,,,,,,,,,,,,,,,,,
2−Cl−C6H4P2(dma)5,24.23,,,,,,,,,,,,,,,,,,,,,,,
"",,,1.56,,,0.15,,,,0.45,,,,,,,,,,,,,,
2−{hpp}C5H4N,24.2,,,,,,,,,,,,,,,,,,,,,H2C{hpp}2,"2,6-{hpp}2C5H3N",2-{hpp}C5H4N
"",,,,,,,,1.38,,,,,,,,,,,,,,,,
4−dma−C6H4P1(pyrr)3,23.86,,,,,,,,1.20,,,,,,,,,,,,,,,
"",,1.11,,,,2.22,,,,0.50,,,,,,,,,,,,,,
TMG,23.35,,,1.23,,,,,,,,,,,,,,,,,,,,
"",,,,,0.77,,,,,,,,,,,,,,,,,,,
[4−MeO−C6H4][i−Pr]IYA,23.24,,,,,,,,,0.24,,,,,,,,,,,,,,
"",,,,,,,,,,,0.12,,,,,,,,,,,,,
4−MeO−C6H4P1(pyrr)3,23.11,,,,,1.55,,,,,,,,,,,,,,,,,,
"",,,,,,,,,,,,,,,,,,,,,,TBD,MTBD,DBU
[Me][i−Pr]Triazine,23.02,,,,0.39,,,,,,,0.94,,,,,,,,,,,,
"",,0.74,,,,,,,,,,,,,,,,,,,,,,
"N ,N'−Me2−Bispidine",22.73,,0.72,,,,,,,,,,,,,,,,,,,,,
"",,,,0.41,,,,,,,,,,,,,,,,,,,,
PhP1(pyrr)3,22.32,,,,,,,,,,,,,,,,,,,,,,,
"",,,0.63,,,,,,,,,,,,,,,,,,,,,
(−)−Sparteine,21.67,,,0.68,,,,,,,,,,,,,,,,,,,,
Bispidine,21.56,,,,,,,,,,,,,,,,,,,1.50,,,,
"N ,N'−Bn2−Bispidine",21.39,,,,1.09 0.41,,,,0.42,,,,,,,,,,,,,,,
"",,,,,,,,,,,2.54,,0.49,,,,,,0.31,,,,,
"N ,N'−(CHMePh)2−Bispidine",21.28,,,,,0.11,,,,,,,,,0.60,,,,,,,0.39,,
"",,,,0.03,,,,,,0.21,,,,,,,,,,,,0.50,,
PhP1(dma)3,21.26,1.77,,,,,,0.08,,,,,,0.36,,,,0.77,,,,,,
"",,,,,,0.06,,,,,,0.23,,,,,,,,,0.59,,,
4−Br−C 6H4P1(pyrr)3,21.20,,,,,,,,,,,,,,,0.52,,,,,,,Pyrrolidine,Piperidine
"",,,,,0.10,,,,,,,,,,,,0.43,,,,,,,
PhP1(dma)2Me,21.06,,,,,0.35 0.42,,,,,,,,,,,,,,,,,,
"",,,,0.63,,,,,,,,,,,,,,,,,,,,
4−(4−dma−C6H4−N=N)−C6H4P1(pyrr)3,20.88,,,,,,,,,,,,,,,,,,,,,,,
"",,,1.20,,,,,,,,,,,0.44 1.01,,,,,,,,,,
"N ,N'−(CHMePh)2−Bispidine",21.28,,,,,,0.11,,,,,,,0.60,,,,,,,0.39,
"",,,,0.03,,,,,,0.21,,,,,,,,,,0.50,,
PhP1(dma)3,21.26,1.77,,,,,,0.08,,,,,0.36,,,,0.77,,,,,
"",,,,,,0.06,,,,,0.23,,,,,,,,0.59,,,
4−Br−C 6 H 4 P 1 (pyrr) 3,21.20,,,,,,,,,,,,,,0.52,,,,,,,Pyrrolidine Piperidine
"",,,,,0.10,,,,,,,,,,,0.43,,,,,,
PhP1(dma)2Me,21.06,,,,,0.35 0.42,,,,,,,,,,,,,,,,
"",,,,0.63,,,,,,,,,,,,,,,,,,
4−(4−dma−C6H4−N=N)−C6H4P1(pyrr)3,20.88,,,,,,,,,,,,,,,,,,,,,
"",,,1.20,,,,,,,,,,0.44 1.01,,,,,,,,,
PhTMG,20.85,,,,,,,,,,,,,,,,,0.60,,,,
"",,,,,,,,,,0.81,,,,,,,,,,,,Piperazine Homopiperazine
1−NaphtP1(pyrr)3,20.61,,,,,,,,,,0.80,,,,,,,,,,,
"",,,,,0.67,,,,,,,,,,,,,,,,,9
MeHN−(CH2)3−NHMe,20.45,,,,,,,,,,,0.69,,,,,,,,,,1 5
"",,,,,,,,,0.62,,,,,,,,,,,,,
4−(Ph−N=N)−C6H4P1(pyrr)3,20.27,0.44,,,,0.19,,,,,,,,1.00,,,,,,,,
"",,,,0.05,,,,,,,,,,,,,,,,,,
4−CF3−C6H4P1(pyrr)3,20.25,,,,,,,,,0.07,,,,,,,,,,,,
3 6,4,1,3,,,,,,,,,,,,,,,,,,,,,,,,,,,,,,
"",,,,,,,,,,,,,,,,,,,,,,,,,,,,,,,Bispidine,(-)-Sparteine,
2−Cl−C6H4P1(pyrr)3,,,,,20.19,,,,,,,,,,,,,,,,0.10,,,,,0.09,,,,,,,
"",,,,,,,,,,,,,,,,0.04,,,,0.11,,,,,,,,,,,,,
Me2N−(CH2)2CHMe−NMe2,,,,,20.15,,,,,,,,,,,,,,,,,,,,,,0.17,,,,,,
"",,,,,,,,,,,,,,,,,,,,,,,0.25,,,,,,,,,,
MeNH−(CH2)3−NH2,,,,,20.10,,,,,,,,,,,,,,,,,,,0.48,,,,,,,,,
"",,,,,,,,0.50,,,,,,,,,,,,,,,,,,,,,,,,,
MeNH−(CH2)3−NMe2,,,,,20.07,,0.46,,,,1.89,,,,,,0.54,,,,,,,,,,,,,,,,
"",,,,,,,,,,,,,,,,,,,,,,0.60,,,,,,,,,,,
Me2N−(CH2)4−NMe2,,,,,19.96,,,,,,,,,,,,,,,,,,,,,,,,,,,,
"",,,,,,,,,0.58 0.77,,,,,,,,,,,,,,,,,,,,,,,,
NH2−(CH2)3−NH2,,,,,19.76,,,,,,,,,,,,,,,,,,,,0.90,,,,,,,,
1−(o−Tolyl)biguanide,,,,,19.72,,,,,,,,,,,,,,,,,,,,,,,,,,,,
"",,,,,,,,,,,,,,,,,,1.01,,,,,,,,,,,,,,,
Me2N−(CH2)3−NH2,,,,,19.63,,,,,,,,,,,,,,,,,,,,,,,,,,,,
"",,,,,,,,,,1.26,,,,,,,,,,,,,,,,,,,,,,,
Pyrrolidine,,,,,19.62,,,,,,,,,,,,,,,,,,,,,,,,,,,,
"",,,,,,,,,,,,,,,,,,,,0.96,,,,,,,,,,,,,
"Quino[7,8−h ]quinoline",,,,,19.60,,,,,,,,,,,,,,,,,,,,,,,,,,,,
"",,,,,,,,,,,,,,,,,,0.85,,,,,,,,,,,,,,,
4−(4−NO2−C6H4−N=N)−C6H4P1(pyrr)3,,,,,19.51,,,,,,,,,,,,,,,,0.65,,,,,,,,,,,,
"",,,,,,,0.59,,,,,,,,,,,,,,,,,,,,,,,,,,
"",Piperidine,,,,19.35,,,,,,,,,,,,,,,,,,0.45,,,,,,,,,,
"",,,,,,,,,,,,,,2.10,,,,,,,,,,0.48,,,,,,,,,
Me2N−(CH2)3−NMe2,,,,,19.28,,,,,,,,,,,,,,,,,,,,,,,,,,,,
"",,,,,,,,0.45,,,,,,,,,,,,,,,,,,,,,,,,,
[Me][Ph]Triazine,,,,,19.17,,,,0.25,,,,,,,,,,,,,,,,,,,,,,,,
"",,,,,,1.59,,,,,,,,,,,,,,,,,,,,,0.19,,,,,,
Homopiperazine,,,,,19.11,,,,0.05,,,1.69,,,,,,,,,,,,,,,,,,,,,
"",,,,,,,,,,,0.04,,1.69,,,,,,,,,,,,,,,,,,,,
2−Cl−C6H4P1(dma)3,,,,,19.10,,,,,,,,,,,,,,,,,,,,,,,,,,,,
4−(4−dma−C6H4−N=N)−C6H4P1(pyrr)2Ph,,,,,19.04,,,,0.05,,,,,,,,,,,,,,,,,,,,,,,,
"",,,,,,,,,,,,,,,,,,,,,,,,,,,,0.15,,,,,
"",,Me2NH,,,19.03,,,,,,,,,,,,,0.19,,,,,,,,,,,,,1.43,,
"",,,,,,,,,,,,,,,,,,,,,0.26,,,,,,,,,,,,
"",,MePrNH,,,18.93,,,,,,,,,,,,,0.26,,,,,,,,,,,,,,,
"",,,,,,,,,,,,,,,,,,,,,,,0.40,,,,,,,,,,
N−Me−Cyclohexylamine,,,,,18.91,,,,,,,,,,,1.10,,,,,,,,,,,,,0.40,,,,
"",,,,,,,,,,,,,,,,,0.99,,,0.36,,1.10,,,,,,,,,,,
"",,,Et3N,,18.83,,,0.46,,,,,,,,,,,,,,,,,,,,,,,,,
"",,,,,,,,,0.52,,,,,,2.20,,,,,,,,,,,,,,,,,,
"",,i−Pr2NH,,,18.82,,,,,,,,,,,,,,,,,,,,0.77,,,,,,,,
"",,,,,,,,,,,0.59,,,,,,,,,,,,,,,,,,,,,,
"",Piperazine,,,,18.69,,,,0.45,,,,,,,,,,,,,,,,,0.58,,,,,,,
"",,,,,,,,,,0.59,,,,,,,,,,,,,,,,,,,,,,,
Me2N−(CH2)2−NMe2,,,,,18.69,,,,,,,,,,,,,0.34,,,,,,,,,,,,0.68,,,
"",,,,,,,,,,,,,,,,,,,,,0.23,,,0.75,,,,0.40,,,,,
"N ,N−Me2−Cyclohexylamine",,,,,18.67,,,,,,,,,,,,,,,,,,,,,,,,,,,0.73,
ProtonSp−dma,,,,,18.63,,,,,,,,,,,,,,,,,,,,,,,,,,,,
"",,,,,,,,,,,,,,,,,,,,,,,0.04,,,,0.74,,,,,0.30,
4−CF3−7−N=P1(pyrr)3−Coumarin,,,,,18.58,,,,,,,,,,,,,,,,,,,,,,,,,,,0.19 0.82,
"",,,,,,,,,0.01,,,,,,,,,,,,,,,,,,,,,,,0.18,0.83
"2,6−Cl2−C6H3P1(pyrr)3",,,,,18.56,,,,,,,,,,,,,,,,,,,,,,,,,,,,
"",,,,,,,,,,,,,,,,,,,,,,,0.00,,,,,,,,0.52,,
[H][Ph]Triazine,,,,,18.52,,,,,,,,,,,,,0.09 0.06,,,,,,,,,,,,,,,
"",,,,,,,,,0.04,,,,,,,,,,,,,,,,,,,,,,,,
"2,5−Cl2−C6H3P1(pyrr)3",,,,,18.50,,,,,,,,,,,,,,,,,,,,,,,,,,,,
"",,,,,,,,,,,,0.02,,,,,,,,0.25,,,,,,,,,,,,,
Homopiperazine,19.11,,,,0.05,,,,1.69,,,,,,,,,,,,,,,,,,,,,,,,,,,
"",,,,,,,,0.04,,1.69,,,,,,,,,,,,,,,,,,,,,,,,,,
2−Cl−C6H4P1(dma)3,19.10,,,,,,,,,,,,,,,,,,,,,,,,,,,,,,,,,,,
a−C6H4−N=N)−C6H4P1(pyrr)2Ph,19.04,,,,0.05,,,,,,,,,,,,,,,,,,,,,,,,,,,,,,,
"",,,,,,,,,,,,,,,,,,,,,,,,,0.15,,,,,,,,,,,
Me2NH,19.03,,,,,,,,,,,,,,,0.19,,,,,,,,,,,,,1.43,,,,,,,
"",,,,,,,,,,,,,,,,,,0.26,,,,,,,,,,,,,,,,,,
MePrNH,18.93,,,,,,,,,,,,,,0.26,,,,,,,,,,,,,,,,,,,,,
"",,,,,,,,,,,,,,,,,,,,0.40,,,,,,,,,,,,,,,,
N−Me−Cyclohexylamine,18.91,,,,,,,,,,,,1.10,,,,,,,,,,,,,0.40,,,,,,,,,,
"",,,,,,,,,,,,,,0.99,,,0.36,,1.10,,,,,,,,,,,,,,,,,
Et3N,18.83,,,0.46,,,,,,,,,,,,,,,,,,,,,,,,,,,,,,,,
"",,,,,0.52,,,,,,,2.20,,,,,,,,,,,,,,,,,,,,,,,,
i−Pr2NH,18.82,,,,,,,,,,,,,,,,,,,,,0.77,,,,,,,,,,,,,,
"",,,,,,,,0.59,,,,,,,,,,,,,,,,,,,,,,,,,,,,
Piperazine,18.69,,,,0.45,,,,,,,,,,,,,,,,,,0.58,,,,,,,,,,,,,
"",,,,,,,0.59,,,,,,,,,,,,,,,,,,,,,,,,,,,,,
Me2N−(CH2)2−NMe2,18.69,,,,,,,,,,,,,,,0.34,,,,,,,,,,,0.68,,,,,,,,,
"",,,,,,,,,,,,,,,,,,0.23,,,0.75,,,,0.40,,,,,,,,,,,
"N ,N−Me2−Cyclohexylamine",18.67,,,,,,,,,,,,,,,,,,,,,,,,,,,,,,0.73,,,,,
ProtonSp−dma,18.63,,,,,,,,,,,,,,,,,,,,,,,,,,,,,,,,,,,
"",,,,,,,,,,,,,,,,,,,,0.04,,,,0.74,,,,,,,,0.30,,,,
4−CF3−7−N=P1(pyrr)3−Coumarin,18.58,,,,,,,,,,,,,,,,,,,,,,,,,,,,,,,,0.19,,0.82,
"",,,,,0.01,,,,,,,,,,,,,,,,,,,,,,,,,,,,,0.18,,0.83
"2,6−Cl2−C6H3P1(pyrr)3",18.56,,,,,,,,,,,,,,,,,,,,,,,,,,,,,,,,,,,
"",,,,,,,,,,,,,,,,,,,,0.00,,,,,,,,,,0.52,,,,,,
[H][Ph]Triazine,18.52,,,,,,,,,,,,,,0.09 0.06,,,,,,,,,,,,,,,,,,,,,
"",,,,,0.04,,,,,,,,,,,,,,,,,,,,,,,,,,,,,,,
"2,5−Cl2−C6H3P1(pyrr)3",18.50,,,,,,,,,,,,,,,,,,,,,,,,,,,,,,,,,,,
"",,,,,,,,,0.02,,,,,,,,0.25,,,,,,,,,,,,,,,,,,,
4−NO2−C6H4P1(pyrr)3,18.50,,1.44,,,,,,,,,,,,,,,,,,,,,,,,,0.21,,,,,,,,
"",,,,,,,,,0.04,,,,,,,,,,,,,,,,,,,,,,,,,,,
PrNH2,18.44,,,,0.08 0.21,,,,,,,,,,,,,,,,,,,,,,,,,,,,,,,
4−(Ph−N=N)−C6H4P1(pyrr)2Ph,18.39,,,,,,,,,,,,,,,,,,,,,,,,,,,,,,,,,,,
"",,,,,,,,,,,,,0.17,,,,,,,,,,,,,,,,,,,,,,,
Cyclohexylamine,18.36,,,0.68,,,,,,,,,,,,,,,,,,,,,,0.29,,,,,,0.19,,,,
"",,,,,,,,,,,,,,,,,,,0.26,,,,,,,,,,,,,,,,,
9−NH2−Acridine,18.36,0.60,,,,,,,,,,,,,,,,,,,,,,,,,,,0.27,,,,,,,
"",,,,,,,,,,,,,,,,,,,,,,,0.25,,0.45,,,,,,,,,,,
4−pyrr−Pyridine,18.35,,,,,,,,,,,,,,,,,,,,,,,,,,,,,,,,,,,
"",,,,,,,0.70,,,,0.91,,,,,,,,,,,,,,,,,,,,,,,,,
Me2EtN,18.33,,,,,,,,,,,,,,,,,0.93,,,,0.70,,,,,,,,,,,,,,
"",,,,,,,,,0.43,,,,,0.78,,,,,,,,,,,,,,,,,,,,,,
Pr3N,18.26,,,,,,,,,,,,,,,,,,,0.90,,,,,,,,,,,,,,,,
Me2BuN,18.25,,,,,,,,,,,,,,,1.02,,,,,,,,,,,,,,,,,,,,
"",,,,,,,,,,,,,0.59,,,,,,,,,,,,,,,,,,,,,,,
N−Me−Piperazine,18.06,,,,,,,,,,,,,,,,,,,,
4−dma−Pyridine,17.96,,,,,,,,,,,,,,,,,,,,
"",,,,0.17,,,,,,,,,,,,,,,,,
"N ,N'−(CHPh2)2−Bispidine",17.79,,,,1.07,,,,1.60,,,,,,,,0.59,,,,
"",,0.25,,,,,,,,,,,,,,,,,,,
4−(4−NO2−C6H4−N=N)−C6H4P1(pyrr)2Ph,17.74,,,,,,,,,,,,,,,,,,,,
2−NO2−4−Cl−C6H3P1(pyrr)3,17.70,,,,,0.47,,,,,,,,,,0.46,,,,,
"",,0.08,,,,,,,,,,,,,,,,,,,
4−NH2−Pyridine,17.63,,,,,,,,,,,,,,,,,,0.80,,
"",,,,,,,0.19,,,,,,,,,,,,,,
4−(Ph−N=N)−C6H4P1(dma)2Ph,17.51,,,,,,,,,,,,,,,,,,,,
"",,,,,,,,,,,,,0.49,,,,,,,1.04,
"9−O−1,5−Me2−N ,N'−Bn2−Bispidine",17.49,,,,,,,1.14,,0.27,,,,,,,,,,,
"",,,0.40,,,,,,,,,,,,,,,,,,0.76
"N ,N'−Me2−Piperazine",17.38,,,,,,,,,,,,,0.24,,,,0.76,,,
"",,,,,,0.19,,,,,,,,,,,,,,,
4−(4−dma−C6H4−N=N)−C6H4P1(Ph)2pyrr,17.34,,,1.20,,,0.10,,,,0.85,,,,,,,,,,
2−NO2−5−Cl−C6H3P1(pyrr)3,17.28,,,,,,,,,,,,,,,,,,,,
"",,0.98,,,0.34,,,,,,,,,,,,,,,,
"9−O−N ,N'−Bn2−Bispidine",16.94,,,,,,,,,,,1.29,,,0.96,,,,,,
"",,,0.40,,,,,,,,,,,,,,,,,,
2−NH2−Acridine,13.67,,,,,,,,,,,,,1.72,,,,,,,
Benzimidazole,13.54,,,,,0.41,,,,,,,,,,,,,,Carbendazim,Thiabendazole
"",,,,,0.38,,,,,,,,,,,,,,,,
"9−O−N ,N'−(CHPh2)2−Bispidine",13.51,,,,,,,,,,,,,,,,,,,,
2−Me−Pyridine,13.28,1.05,,,,,,,,,,,,,,,,,,,
"",,,0.55,,,,,,,,,,,,,,,,,,
"4−MeO−N ,N−Dimethylaniline",12.72,,0.57,,,,,,,,,,,,,,,,,,
"",,,,,0.59,,,,1.02,,,,,,,,,,,Uracil Thymine,Caffeine
Isoquinoline,12.68,,,,,0.61,,,,,,,,,,,,,,,
"",,,,,,0.77,,,,,,,,,,,,,,,
Acridine,12.66,,0.18,,,,,,,,,0.89,,,,,,,,,
"",,,0.18,,,,,,,,,,,,,,,,,,
Me2PhP,12.64,,,,,,,,,,,,,,,,,,,,
"",,0.15,,,,,,,,,,,,,,,,,,,
Pyridine,12.53,,,,,,,1.07,,,,,,,,,,,,,
Thiabendazole,12.41,,,,,0.15,,,,,,,,,,,,,,,
"",,,0.25,,,,,,,,,,,,,,,,,,
OEP,12.38,,0.25,,,,,,,,,,,,0.69,,,,,,
"",,,,,,,,,,0.79,,,0.69,,,,,,,,
"2,2'−Bipyridine",12.27,,,,0.56,,,,,,0.79,,,,,,,,,,
"",,,,,,,,,,,,,,,,,,1.10,,,
Carbendazim,12.25,,,,,,,,,,,,,,,,0.66,,,,
"",,0.56,,,,,,,,,,,,1.02,,1.03,,,,,
"4−Me−N ,N−Dimethylaniline",12.24,,,,,1.01,,,,,,,,,,,,,,,
"",,,0.41,,,,,,,,,,,,,,,,,,
Quinoline,11.97,,,,,,,,0.36,,,,,,,,,,0.83,,
"",,,,,,0.68,,,,,,,,,,,,,,,
"5,6−Benzoquinoline",11.96,,,,,,,,,,,0.68,,,,,,,,,
"",,,,,0.04,,,0.71,,,,,,,,,,,,,
4−MeO−Aniline,11.87,,,,,,,,,,,,,,0.44,,,,,,
"",,,0.28 0.49,,,,,,,,,,0.45,,,,,,,,
Phthalazine,11.56,0.31,,,,,,,,,,,,,,,,,,OEP,TPP
8−NH2−2−Me−Quinoline,11.56,,0.12,,0.59,,,,,,,,,,,,,,,,
"",,0.07,,,,,,,,,,,,,,,,,,,
"N ,N−Dimethylaniline",11.47,,,,,,,,,,,,,,,,,,,,
"2,2'−Biquinoline",11.28,,0.21,,,,,,,,,,,,,,,,,,
"",,,,,,,,,,,1.00,,,,,,,,,,
"4−NO−N ,N−Dimethylaniline",11.27,,,,,0.43 0.59,,,,,,,,,,,,,,,
"",,,,,0.04,,,,,,,,,0.74,,,,,,,
"3−MeO−N ,N−Dimethylaniline",11.22,,,,,,,0.95,,,,,,,,,,,,,
"",,0.77,,,,,,,,,,,,,,,,,,,
"",,,,,,,0.77,,,,,,,,,,,,,,,,,,,,,
Acridine,12.66,,0.18,,,,,,,,,0.89,,,,,,,,,,,,,,,,
"",,,0.18,,,,,,,,,,,,,,,,,,,,,,,,,
Me2PhP,12.64,,,,,,,,,,,,,,,,,,,,,,,,,,,
"",,0.15,,,,,,,,,,,,,,,,,,,,,,,,,,
Pyridine,12.53,,,,,,,1.07,,,,,,,,,,,,,,,,,,,,
Thiabendazole,12.41,,,,,,0.15,,,,,,,,,,,,,,,,,,,,,
"",,,0.25,,,,,,,,,,,,,,,,,,,,,,,,,
OEP,12.38,,0.25,,,,,,,,,,,,0.69,,,,,,,,,,,,,
"",,,,,,,,,,0.79,,,0.69,,,,,,,,,,,,,,,
"2,2'−Bipyridine",12.27,,,,0.56,,,,,,0.79,,,,,,,,,,,,,,,,,
"",,,,,,,,,,,,,,,,,,1.10,,,,,,,,,,
Carbendazim,12.25,,,,,,,,,,,,,,,,0.66,,,,,,,,,,,
"",,0.56,,,,,,,,,,,,1.02,,1.03,,,,,,,,,,,,
"4−Me−N ,N−Dimethylaniline",12.24,,,,,1.01,,,,,,,,,,,,,,,,,,,,,,
"",,,0.41,,,,,,,,,,,,,,,,,,,,,,,,,
Quinoline,11.97,,,,,,,,0.36,,,,,,,,,,0.83,,,,,,,,,
"",,,,,,,0.68,,,,,,,,,,,,,,,,,,,,,
"5,6−Benzoquinoline",11.96,,,,,,,,,,,0.68,,,,,,,,,,,,,,,,
"",,,,,0.04,,,0.71,,,,,,,,,,,,,,,,,,,,
4−MeO−Aniline,11.87,,,,,,,,,,,,,,0.44,,,,,,,,,,,,,
"",,,0.28 0.49,,,,,,,,,,0.45,,,,,,,,,,,,,,,
Phthalazine,11.56,0.31,,,,,,,,,,,,,,,,,,,,,,OEP,,,,TPP
8−NH2−2−Me−Quinoline,11.56,,0.12,,0.59,,,,,,,,,,,,,,,,,,,,,,,
"",,0.07,,,,,,,,,,,,,,,,,,,,,,,,,,
"N ,N−Dimethylaniline",11.47,,,,,,,,,,,,,,,,,,,,,,,,,,,
"2,2'−Biquinoline",11.28,,0.21,,,,,,,,,,,,,,,,,,,,,,,,,
"",,,,,,,,,,,1.00,,,,,,,,,,,,,,,,,
"4−NO−N ,N−Dimethylaniline",11.27,,,,,0.43 0.59,,,,,,,,,,,,,,,,,,,,,,
"",,,,,0.04,,,,,,,,,0.74,,,,,,,,,,,,,,
"3−MeO−N ,N−Dimethylaniline",11.22,,,,,,,0.95,,,,,,,,,,,,,,,,,,,,
"",,0.77,,,,,,,,,,,,,,,,,,,,,,,,,,
9−Cl−Acridine,11.07,,0.65,,,,,,,,,,,,,1.15,,,,,,,,,,,,
"",,,,,,,,,,,,0.79,,,,,,,,,,,,,,,,
N−Me−Aniline,10.97,,,,,,,,,,,,,,,,,,,,,,,TMP,,,,TCPP
"7,8−Benzoquinoline",10.85,,0.88,,,,,,,,,,0.59,,,,,,,,,,,,,,,
Aniline,10.64,,,,,,0.37,,,,,,,,,,,,,,,,,,,,,
"",,,,,,0.57,,,,,,,,,,,,,,,,,,,,,,
2−Me−Aniline,10.49,,,,,,,,,,,,,,,,,,,,,,,,,,,
"",,,0.22,,1.10,,,,,,,,,,,,,,,,,,,,,,,
TPP,10.48,,,,,,,,1.58,,,,,,,,,,,,,,,,,,,
5−NO2−Benzimidazole,10.41,,,,,,,,,,,,,,,,,,,,,,,,,,,
"",,,0.06,,,,,,,,,,,,,,,,,,,,,,,,,
dma−Phenylfulvene,10.30,,,,,0.19 0.37,,,,,,,,,,,1.28,,,,,,,,,,,
"",,,,,,,,0.40,,1.16,,,,,,,,,,,,,,,,,,
Ph2P−(CH2)4−PPh2,10.23,,,,,,,,,,,,,,0.41,,,,,,,,,,,,,
"",,,,,,,,,,,,,0.38,,,,,,,,,,,,,,,
TMP,10.16,,,,,,,,,,,,,,,,,,,,,,,,,,,
"",,0.56,,,,,,,,,,,,,,,,,,,,,,,,,,
"4−Br−N ,N−Dimethylaniline",10.13,,,,,,,,,,0.85,,,,,0.43,,,,0.47,,,,,,,,
"",,,,,,,,,,,,,,,,,,0.74,,,,,,,,,,
(4−MeO−C6H4)3P,10.06,,,,,,,,,,,,,,,,,,,,,,0.54,,,,,
"",,,,,,,,,,,,,,0.28,,,,,,,,,,,,,,
Pyridazine,10.06,,0.48,,,,,,,,,1.07,,,,,,,,,,0.23 0.90,,,,,,
"",,,0.85,,,,0.20,,,,,,,,,,,,0.49,,,,,,,,,
TCPP,10.01,,,,,,,0.14,,,,,,,,,,,,,,,,,,,,
"",,,,,0.13,,,,,,,,,,,,,,,,1.04,,,,,,,
MePh2P,9.97,,,,,,,,,,,,,,0.08,,,,,,,,,0.60,,,,
"",,,,,,0.03,,,,,,,0.24,,,,,,,,,,,,,1.60,,
2−MeO−Pyridine,9.94,,,,,,,,,,,,,,,,,,,,,,,,,,,
"",,,,,,,0.07,,,,,,,,,,,,,,,,,,,,,
Ph2P−(CH2)3−PPh2,9.84,,,,0.16,,,,,,,,,,,,,,,,,,,0.32,,,,
"",,,,,,,0.00,,0.30,,,,,,,,,,,,,,,,,,,
1−NaphtNH2,9.78,0.38,,,,,,,,,,,,,,,,,,,,,,,,,,
"",,,,,0.14,,,,,,,,,,,,,,,,,,,,,,,
"3−Br−N ,N−Dimethylaniline",9.64,,,,,,,0.24,,,,,,,,,,,,0.54,,,,,,,,
"",,,0.33,,,0.73,,,,,,,,,,,,,,,,,,,,,,
3−Cl−Pyridine,9.56,,,,,,,,,,,,,,,0.40,,,,,,,,,,,,
"",,0.12,,,0.11,,,,,0.59,,,,,,,,,,,,,,,0.87,,,
4−Br−Aniline,9.44,,,,,,,,,,,,,,,,,,,,,,,,,,,
"",,,,,,,,,0.37,,,,,,,,,,,,,,,,,,1.60,
"",,,,,1.01,,,,,,,,,,,,,,,,,,,,,,,,
"",,,0.41,,,,,,,,,,,,,,,,,,,,,,,,,,
Quinoline,11.97,,,,,,,0.36,,,,,,,,,,0.83,,,,,,,,,,,
"",,,,,0.68,,,,,,,,,,,,,,,,,,,,,,,,
"5,6−Benzoquinoline",11.96,,,,,,,,,,0.68,,,,,,,,,,,,,,,,,,
"",,,,0.04,,,0.71,,,,,,,,,,,,,,,,,,,,,,
4−MeO−Aniline,11.87,,,,,,,,,,,,,0.44,,,,,,,,,,,,,,,
"",,,0.28 0.49,,,,,,,,,0.45,,,,,,,,,,,,,,,,,
Phthalazine,11.56,0.31,,,,,,,,,,,,,,,,,,,,,OEP,,,,,,TPP
8−NH2−2−Me−Quinoline,11.56,,0.12,0.59,,,,,,,,,,,,,,,,,,,,,,,,,
"",,0.07,,,,,,,,,,,,,,,,,,,,,,,,,,,
"N ,N−Dimethylaniline",11.47,,,,,,,,,,,,,,,,,,,,,,,,,,,,
"2,2'−Biquinoline",11.28,,0.21,,,,,,,,,,,,,,,,,,,,,,,,,,
"",,,,,,,,,,1.00,,,,,,,,,,,,,,,,,,,
"4−NO−N ,N−Dimethylaniline",11.27,,,,0.43 0.59,,,,,,,,,,,,,,,,,,,,,,,,
"",,,,0.04,,,,,,,,,0.74,,,,,,,,,,,,,,,,
"3−MeO−N ,N−Dimethylaniline",11.22,,,,,,0.95,,,,,,,,,,,,,,,,,,,,,,
"",,0.77,,,,,,,,,,,,,,,,,,,,,,,,,,,
9−Cl−Acridine,11.07,,0.65,,,,,,,,,,,,1.15,,,,,,,,,,,,,,
"",,,,,,,,,,,0.79,,,,,,,,,,,,,,,,,,
N−Me−Aniline,10.97,,,,,,,,,,,,,,,,,,,,,,TMP,,,,,,TCPP
"7,8−Benzoquinoline",10.85,,0.88,,,,,,,,,0.59,,,,,,,,,,,,,,,,,
Aniline,10.64,,,,0.37,,,,,,,,,,,,,,,,,,,,,,,,
"",,,,,0.57,,,,,,,,,,,,,,,,,,,,,,,,
2−Me−Aniline,10.49,,,,,,,,,,,,,,,,,,,,,,,,,,,,
"",,,0.22,1.10,,,,,,,,,,,,,,,,,,,,,,,,,
TPP,10.48,,,,,,,1.58,,,,,,,,,,,,,,,,,,,,,
5−NO2−Benzimidazole,10.41,,,,,,,,,,,,,,,,,,,,,,,,,,,,
"",,,0.06,,,,,,,,,,,,,,,,,,,,,,,,,,
dma−Phenylfulvene,10.30,,,,0.19 0.37,,,,,,,,,,,1.28,,,,,,,,,,,,,
"",,,,,,,0.40,,1.16,,,,,,,,,,,,,,,,,,,,
Ph2P−(CH2)4−PPh2,10.23,,,,,,,,,,,,,0.41,,,,,,,,,,,,,,,
"",,,,,,,,,,,,0.38,,,,,,,,,,,,,,,,,
TMP,10.16,,,,,,,,,,,,,,,,,,,,,,,,,,,,
"",,0.56,,,,,,,,,,,,,,,,,,,,,,,,,,,
"4−Br−N ,N−Dimethylaniline",10.13,,,,,,,,,0.85,,,,,0.43,,,,0.47,,,,,,,,,,
"",,,,,,,,,,,,,,,,,0.74,,,,,,,,,,,,
(4−MeO−C6H4)3P,10.06,,,,,,,,,,,,,,,,,,,,,0.54,,,,,,,
"",,,,,,,,,,,,,0.28,,,,,,,,,,,,,,,,
Pyridazine,10.06,,0.48,,,,,,,,1.07,,,,,,,,,,0.23 0.90,,,,,,,,
"",,,0.85,,0.20,,,,,,,,,,,,,0.49,,,,,,,,,,,
TCPP,10.01,,,,,,0.14,,,,,,,,,,,,,,,,,,,,,,
"",,,,0.13,,,,,,,,,,,,,,,,1.04,,,,,,,,,
MePh2P,9.97,,,,,,,,,,,,,0.08,,,,,,,,,0.60,,,,,,
"",,,,,0.03,,,,,,,0.24,,,,,,,,,,,,,,1.60,,,
2−MeO−Pyridine,9.94,,,,,,,,,,,,,,,,,,,,,,,,,,,,
"",,,,,0.07,,,,,,,,,,,,,,,,,,,,,,,,
Ph2P−(CH2)3−PPh2,9.84,,,0.16,,,,,,,,,,,,,,,,,,,0.32,,,,,,
"",,,,,0.00,,,0.30,,,,,,,,,,,,,,,,,,,,,
1−NaphtNH2,9.78,0.38,,,,,,,,,,,,,,,,,,,,,,,,,,,
"",,,,0.14,,,,,,,,,,,,,,,,,,,,,,,,,
"3−Br−N ,N−Dimethylaniline",9.64,,,,,,0.24,,,,,,,,,,,,0.54,,,,,,,,,,
"",,,0.33,,0.73,,,,,,,,,,,,,,,,,,,,,,,,
3−Cl−Pyridine,9.56,,,,,,,,,,,,,,0.40,,,,,,,,,,,,,,
"",,0.12,,0.11,,,,,0.59,,,,,,,,,,,,,,,0.87,,,,,
4−Br−Aniline,9.44,,,,,,,,,,,,,,,,,,,,,,,,,,,,
"",,,,,,,,0.37,,,,,,,,,,,,,,,,,,,1.60,,
Ph2P−(CH2)2−PPh2,9.38,,,,0.99,,,,,,,,,,,,,,,,,,,,,,,,
"",,,,,,,,,,,,,,,,0.40,,,,,,,,,1.40,,,,
Quinazoline,9.20,,,,,,,,,1.18,,,,,,,,,,,,,,,,,,,
"",,,0.85,,,,,,,,,,,,,,,,,,,,,,,,,,
Pyrazole,9.1,,0.72,,,,,,,,,,,,,,,,,,,,,,,,,,
"",,,,,,,,,,,,1.37,,,,,0.90,,,,,,,,,,,,
TPPH+,9.0,,,,,,,,,,,,1.11,,,,,,,,,,,,,,,,
"4−SCN−N ,N−Dimethylaniline",8.78,,,1.06,,,,,,,,,,,,,,,,,,,,,,,,,
Pyrimidine,8.72,,,,,,,,,,,,,,,,,,,,,,,,,,,,
"",,,,,0.77,,,,,,,,,,,,,,,,,,,,,,,,
"4−CF3−N ,N−Dimethylaniline",8.60,,,,,,,,,,,,,,,,,,,,,,,,,,,2.20,
TCPPH+,8.5,,,,,,,,,,,,,,,,,,,,,,,,,,,,
"",,,0.20,,,,1.57,,,,,,,,,,,,,,,,,,,,,,
"",,,,,0.13,,,,,,,,,,,,,,,,1.04,,,,,,,,,,,,,,
MePh2P,9.97,,,,,,,,,,,,,,0.08,,,,,,,,,,0.60,,,,,,,,,,
"",,,,,,0.03,,,,,,,0.24,,,,,,,,,,,,,,,,1.60,,,,,,
2−MeO−Pyridine,9.94,,,,,,,,,,,,,,,,,,,,,,,,,,,,,,,,,,
"",,,,,,0.07,,,,,,,,,,,,,,,,,,,,,,,,,,,,,
Ph2P−(CH2)3−PPh2,9.84,,,,0.16,,,,,,,,,,,,,,,,,,,,,0.32,,,,,,,,,
"",,,,,,0.00,,,0.30,,,,,,,,,,,,,,,,,,,,,,,,,,
1−NaphtNH2,9.78,0.38,,,,,,,,,,,,,,,,,,,,,,,,,,,,,,,,,
"",,,,,0.14,,,,,,,,,,,,,,,,,,,,,,,,,,,,,,
"3−Br−N ,N−Dimethylaniline",9.64,,,,,,,0.24,,,,,,,,,,,,0.54,,,,,,,,,,,,,,,
"",,,,0.33,,0.73,,,,,,,,,,,,,,,,,,,,,,,,,,,,,
3−Cl−Pyridine,9.56,,,,,,,,,,,,,,,0.40,,,,,,,,,,,,,,,,,,,
"",,0.12,,,0.11,,,,,0.59,,,,,,,,,,,,,,,,0.87,,,,,,,,,
4−Br−Aniline,9.44,,,,,,,,,,,,,,,,,,,,,,,,,,,,,,,,,,
"",,,,,,,,,0.37,,,,,,,,,,,,,,,,,,,,,1.60,,,,,
Ph2P−(CH2)2−PPh2,9.38,,,,,0.99,,,,,,,,,,,,,,,,,,,,,,,,,,,,,
"",,,,,,,,,,,,,,,,,0.40,,,,,,,,,,,1.40,,,,,,,
Quinazoline,9.20,,,,,,,,,,1.18,,,,,,,,,,,,,,,,,,,,,,,,
"",,,0.85,,,,,,,,,,,,,,,,,,,,,,,,,,,,,,,,
Pyrazole,9.1,,,0.72,,,,,,,,,,,,,,,,,,,,,,,,,,,,,,,
"",,,,,,,,,,,,,1.37,,,,0.90,,,,,,,,,,,,,,,,,,
TPPH+,9.0,,,,,,,,,,,,,1.11,,,,,,,,,,,,,,,,,,,,,
"4−SCN−N ,N−Dimethylaniline",8.78,,,,1.06,,,,,,,,,,,,,,,,,,,,,,,,,,,,,,
Pyrimidine,8.72,,,,,,,,,,,,,,,,,,,,,,,,,,,,,,,,,,
"",,,,,,0.77,,,,,,,,,,,,,,,,,,,,,,,,,,,,,
"4−CF3−N ,N−Dimethylaniline",8.60,,,,,,,,,,,,,,,,,,,,,,,,,,,,,,,2.20,,,
TCPPH+,8.5,,,,,,,,,,,,,,,,,,,,,,,,,,,,,,,,,,
"",,,0.20,,,,,1.57,,,,,,,,,,,,,,,,,,,,,,,,,,,
4−(4−NO2−C6H4−N=N)−Aniline,8.50,,,,,,,,,,,,,,,,,,,,,,,,,,,,,,,,,,1.70
"",,,,0.17,,,,,0.74,,,,,,,,,,,,,,,,,,,,,,,,,,
"2,4−F2−Aniline",8.39,,,,,,,,,,,,,,,,,,,1.21,,,,,,,,,,,,,,,
"",,,,,,,,,,,,,0.06,,,,,,,,,,,,,,,,,,,,,,
Ph2P−(CH2)4−PPh 2− H+,8.3,,,0.15,,,,,,,,,,,1.90,,,,,,,,,,,,,,,,,,,,
"",,1.77,,,0.23,,,,,0.88,,,,,,,,,,,,1.95,,,,,,,,,,,,,
"3−NO2−N ,N−Dimethylaniline",8.26,,0.35,,,,,,,,,,,,,,,,,,,,,,,,,,,,,,,,
"",,,,,,0.44,,,,,,,,,,,,,,,,,,,,,,,,,,,,,
"9−O−1,5−(COOMe)2−N ,N'−Ph2−Bispidine",8.14,,,0.25,,,,,,,,,,,,,,,,,,,,,,,,,,,,,,,
4−CF3−Aniline,8.03,,,,,,,,,,,,,,,,,,,,,,,,,,,,,,,,,,
BIPHEP,7.99,,,,,,,,,,,,,,,,,,,,,,,0.66,,,,,,,,,,,
"",,,0.17,,,,,,,,,0.75,,,,,,,,,,,,,,,,0.83,,,,,,,
"1,2,3−triazole",8.0,,,0.14,,,,,,,0.83,,,,,0.71,,,,,,,,,,,,,,,,,,,
2−Cl−Aniline,7.86,,,,0.44,,,,,,,,,,,,,,,,0.30,,,,,,,,,0.63,,,,,
"",,,,0.05,,,,,0.35,,,,0.42,,,,,,,,,,,,,,,,,,,,,,
BINAP,7.79,,,,,0.86,,,,,,,,,,,0.48 0.35,,,,,,,,,,,,,,,,,,
"",,,,,,,,0.11,,,,,,,,,,,,,,,,,,,,,,,,,,,
OEPH+,7.8,,0.20,,,,,,,,,,,,,,,,0.36,,,,,,,,,,,,,,,,
"",,,,,,0.17,,,,,,,,,,,,,,,,,,,0.42,,,,,,0.22,,,,
Pyrazine,7.74,,,,,,,,,,,,,,,,,,,,,,,,,,,,,,,,,,
"",,,,0.16,,,,,,,,,,,,,,,,,,,,,,,,,,,,,,,
3−NO2−Aniline,7.68,,,,,,,,,0.03,,,,,,,,,,,,,0.28,,,,,,,,,,1.54,,
"",,,0.01,,,,,,,,,,,0.37,,,,,,,,,,,,,,,,,,,,,
4−F−3−NO2−Aniline,7.68,,,,0.04,,,,,,,,,,,,,,,,,,,,,0.43 1.38,,,,,,,,,
"",,,0.05,,,,,0.07,,,,,,,,,,,,,,,,,,,,,,,,,,,
"2,6−(MeO)2−Pyridine",7.65,,,,,,,,0.07,,,,,,,,,,,,,,,,,,,,,,,,,,
"",,,0.04,,,,,,,,,,,,,,,,,,,,,,,,,,,,,,,,
Ph3P,7.62,,,,,,,,,0.05,,,,,,0.16,,,,,,,,,,,,,,,,,,,
"",,,,,,,,,,,,,,,,,0.28,,,,,,,,,,,,1.50,,,,,1.48,
Indazole,7.61,,,0.23,,,,,,,,,,,,,,,,,,,,,,,,,,,,,,,
"",,,,,,,,,,,,,,,0.23,,,,,,,,,,,,,,,,,,,,
Caffeine,7.51,,,,,,,,,,,,,,,,,,0.67,,,,,,,,,,,,,,,,
"",,,,,,,,,,,0.77,,0.88,,,,,,,,,,,,,,,,,,,,,,
Quinoxaline,7.40,,,,0.85,,,,,,,,,,,,,,,1.52,,,,,,,,,,,,,,,
Ph2P−(CH2)3−PPh 2− H+,7.4,,0.86,,,,,,,,,,,,,,,,,,,,,,,,,,,,,,,,
"",,,,,,,,,,,,1.20,,,,,,,,,,,,,,,,,,,,,,,
TMPH+,7.0,,,,,1.28 0.58,,,,,,,,,,,,,,,1.51,,,,,,,,,,,,,,
"",,,,,,,,,,0.53,,,,,,,,,,,,,,1.40,,,,,,,,,,,
Benzotriazole,6.89,1.43,,,,,,,0.21,,,,,,,,,,,,,,,,,,,,,,,,,,
"",,,,,,,,1.40,,,,,,,,,1.42,,,,,,,,,,,,,,,,,,
2−Cl−Pyridine,6.79,,,,,,,,,,,,,,,,,,,,,,,,,,,,,,,,,,
"",,,0.24,,,,,,,,,,,,,,,,,,,,,,,,,,,,,,,,
(1−Napht)3P,6.55,,,,0.27,,,,,,,,,,,,,,,,,,,,,,,,,,,,,,
"",,,,,,,,,,,,,,,,0.53,,,,,,,,,,,,,,,,,,,
"",,0.12,,,0.11,,,,,0.59,,,,,,,,,,,,,,,,0.87,,,,,,,,
4−Br−Aniline,9.44,,,,,,,,,,,,,,,,,,,,,,,,,,,,,,,,,
"",,,,,,,,,0.37,,,,,,,,,,,,,,,,,,,,1.60,,,,,
Ph2P−(CH2)2−PPh2,9.38,,,,,,0.99,,,,,,,,,,,,,,,,,,,,,,,,,,,
"",,,,,,,,,,,,,,,,,0.40,,,,,,,,,,1.40,,,,,,,
Quinazoline,9.20,,,,,,,,,,1.18,,,,,,,,,,,,,,,,,,,,,,,
"",,,0.85,,,,,,,,,,,,,,,,,,,,,,,,,,,,,,,
Pyrazole,9.1,,,0.72,,,,,,,,,,,,,,,,,,,,,,,,,,,,,,
"",,,,,,,,,,,,,1.37,,,,0.90,,,,,,,,,,,,,,,,,
TPPH+,9.0,,,,,,,,,,,,,1.11,,,,,,,,,,,,,,,,,,,,
"4−SCN−N ,N−Dimethylaniline",8.78,,,,1.06,,,,,,,,,,,,,,,,,,,,,,,,,,,,,
Pyrimidine,8.72,,,,,,,,,,,,,,,,,,,,,,,,,,,,,,,,,
"",,,,,,0.77,,,,,,,,,,,,,,,,,,,,,,,,,,,,
"4−CF3−N ,N−Dimethylaniline",8.60,,,,,,,,,,,,,,,,,,,,,,,,,,,,,,2.20,,,
TCPPH+,8.5,,,,,,,,,,,,,,,,,,,,,,,,,,,,,,,,,
"",,,0.20,,,,,1.57,,,,,,,,,,,,,,,,,,,,,,,,,,
4−(4−NO2−C6H4−N=N)−Aniline,8.50,,,,,,,,,,,,,,,,,,,,,,,,,,,,,,,,,1.70
"",,,,0.17,,,,,0.74,,,,,,,,,,,,,,,,,,,,,,,,,
"2,4−F2−Aniline",8.39,,,,,,,,,,,,,,,,,,,1.21,,,,,,,,,,,,,,
"",,,,,,,,,,,,,0.06,,,,,,,,,,,,,,,,,,,,,
Ph2P−(CH2)4−PPh2−H +,8.3,,,0.15,,,,,,,,,,,1.90,,,,,,,,,,,,,,,,,,,
"",,1.77,,,0.23,,,,,0.88,,,,,,,,,,,,1.95,,,,,,,,,,,,
"3−NO2−N ,N−Dimethylaniline",8.26,,0.35,,,,,,,,,,,,,,,,,,,,,,,,,,,,,,,
"",,,,,,0.44,,,,,,,,,,,,,,,,,,,,,,,,,,,,
"9−O−1,5−(COOMe)2−N ,N'−Ph2−Bispidine",8.14,,,0.25,,,,,,,,,,,,,,,,,,,,,,,,,,,,,,
4−CF3−Aniline,8.03,,,,,,,,,,,,,,,,,,,,,,,,,,,,,,,,,
BIPHEP,7.99,,,,,,,,,,,,,,,,,,,,,,,0.66,,,,,,,,,,
"",,,0.17,,,,,,,,,0.75,,,,,,,,,,,,,,,0.83,,,,,,,
"1,2,3−triazole",8.0,,,0.14,,,,,,,0.83,,,,,0.71,,,,,,,,,,,,,,,,,,
2−Cl−Aniline,7.86,,,,0.44,,,,,,,,,,,,,,,,0.30,,,,,,,,0.63,,,,,
"",,,,0.05,,,,,0.35,,,,0.42,,,,,,,,,,,,,,,,,,,,,
BINAP,7.79,,,,,,0.86,,,,,,,,,,0.48 0.35,,,,,,,,,,,,,,,,,
"",,,,,,,,0.11,,,,,,,,,,,,,,,,,,,,,,,,,,
OEPH+,7.8,,0.20,,,,,,,,,,,,,,,,0.36,,,,,,,,,,,,,,,
"",,,,,,0.17,,,,,,,,,,,,,,,,,,,0.42,,,,,0.22,,,,
Pyrazine,7.74,,,,,,,,,,,,,,,,,,,,,,,,,,,,,,,,,
"",,,,0.16,,,,,,,,,,,,,,,,,,,,,,,,,,,,,,
3−NO2−Aniline,7.68,,,,,,,,,0.03,,,,,,,,,,,,,0.28,,,,,,,,,1.54,,
"",,,0.01,,,,,,,,,,,0.37,,,,,,,,,,,,,,,,,,,,
4−F−3−NO2−Aniline,7.68,,,,0.04,,,,,,,,,,,,,,,,,,,,,0.43 1.38,,,,,,,,
"",,,0.05,,,,,0.07,,,,,,,,,,,,,,,,,,,,,,,,,,
"2,6−(MeO)2−Pyridine",7.65,,,,,,,,0.07,,,,,,,,,,,,,,,,,,,,,,,,,
"",,,0.04,,,,,,,,,,,,,,,,,,,,,,,,,,,,,,,
Ph3P,7.62,,,,,,,,,0.05,,,,,,0.16,,,,,,,,,,,,,,,,,,
"",,,,,,,,,,,,,,,,,0.28,,,,,,,,,,,1.50,,,,,1.48,
Indazole,7.61,,,0.23,,,,,,,,,,,,,,,,,,,,,,,,,,,,,,
"",,,,,,,,,,,,,,,0.23,,,,,,,,,,,,,,,,,,,
Caffeine,7.51,,,,,,,,,,,,,,,,,,0.67,,,,,,,,,,,,,,,
"",,,,,,,,,,,0.77,,0.88,,,,,,,,,,,,,,,,,,,,,
Quinoxaline,7.40,,,,0.85,,,,,,,,,,,,,,,1.52,,,,,,,,,,,,,,
Ph2P−(CH 2 )3−PPh2−H +,7.4,,0.86,,,,,,,,,,,,,,,,,,,,,,,,,,,,,,,
"",,,,,,,,,,,,1.20,,,,,,,,,,,,,,,,,,,,,,
TMPH+,7.0,,,,,1.28 0.58,,,,,,,,,,,,,,,1.51,,,,,,,,,,,,,
"",,,,,,,,,,0.53,,,,,,,,,,,,,,1.40,,,,,,,,,,
Benzotriazole,6.89,1.43,,,,,,,0.21,,,,,,,,,,,,,,,,,,,,,,,,,
"",,,,,,,,1.40,,,,,,,,,1.42,,,,,,,,,,,,,,,,,
2−Cl−Pyridine,6.79,,,,,,,,,,,,,,,,,,,,,,,,,,,,,,,,,
"",,,0.24,,,,,,,,,,,,,,,,,,,,,,,,,,,,,,,
(1−Napht)3P,6.55,,,,0.27,,,,,,,,,,,,,,,,,,,,,,,,,,,,,
"",,,,,,,,,,,,,,,,0.53,,,,,,,,,,,,,,,,,,
MePh2N,6.52,,,0.67,,,,,,0.44,,,,,,,,,,,,,,,,,,,,,,,,
"",,,,,,,,,,,,,,0.69,,,,,,,,,,,,,,,,,,,,
"4−NO2−N ,N−Dimethylaniline",6.46,,,,,,0.57,,0.31,,,,,,,,,,,,,,,,,,,,,,,,,
"",,,,,,,,,,,0.68,,0.35,,0.29,,,,,,,,,,,,,,,,,,,
4−NO2−Imidazole,6.34,,0.24,,0.31,,,,,,,,,,,,,,,,,,,,,,,,,,,,,
"",,,,,,,,,,,,,,,,,,0.28,,,,,1.50,1.48
"",Indazole,7.61,,,0.23,,,,,,,,,,,,,,,,,,,
"",,,,,,,,,,,,,,,0.23,,,,,,,,,
"",Caffeine,7.51,,,,,,,,,,,,,,,,,0.67,,,,,
"",,,,,,,,,,,0.77,,0.88,,,,,,,,,,,
"",Quinoxaline,7.40,,,0.85,,,,,,,,,,,,,,,1.52,,,,
Ph2P−(CH,2)3−PPh2−H +,7.4,,0.86,,,,,,,,,,,,,,,,,,,,
"",,,,,,,,,,,,1.20,,,,,,,,,,,,
"",TMPH+,7.0,,,,,1.28 0.58,,,,,,,,,,,,,,1.51,,,
"",,,,,,,,,,0.53,,,,,,,,,,,,1.40,,
Benzotriazole,,6.89,1.43,,,,,,0.21,,,,,,,,,,,,,,,
"",,,,,,,,1.40,,,,,,,,,1.42,,,,,,,
2−Cl−Pyridine,,6.79,,,,,,,,,,,,,,,,,,,,,,
"",,,,0.24,,,,,,,,,,,,,,,,,,,,
"",(1−Napht)3P,6.55,,,0.27,,,,,,,,,,,,,,,,,,,
"",,,,,,,,,,,,,,,,0.53,,,,,,,,
"",MePh2N,6.52,,,0.67,,,,,0.44,,,,,,,,,,,,,,
"",,,,,,,,,,,,,,0.69,,,,,,,,,,
"4−NO2−N ,N−Dimethylaniline",,6.46,,,,,0.57,,0.31,,,,,,,,,,,,,,,
"",,,,,,,,,,,0.68,,0.35,,0.29,,,,,,,,,
4−NO2−Imidazole,,6.34,,0.24,0.31,,,,,,,,,,,,,,,,,,,
"2,5−Cl2−Aniline",,6.23,,,,,0.06,,,,,,,,,,,,,,,,,
"",,,,−0.01,,,,,,,,,,,,,,,,,,,,
(−NMe−CH2−CH2−)3N,33.14,,,,,,,,,,,,
"",,0.03,,,,,,,,,,,
t−BuP2(dma)5,33.09,,,,,,,,,,,,
PhP3(pyrr)7,32.74,,,,,,,,,,,,
"",,,,,,1.21,,,,,,,
Ph−CH=P(pyrr)3,32.42,1.12,,,0.68,,,,dma,pyrr,pip cp,,ch
"",,,0.78,,,,,,,,,,
ProtonSp−N=P(pyrr)3,32.06,,,0.48,,,,,,,,,
"",,,,,,,0.11,,,,,,
4−MeO−C6H4P3(dma)7,31.95,,,,0.61,,,,,,,,
"",,0.51,,,,,,,,,,,
PhP3(dma)7,31.44,,0.58,,,,,,,,,,
"",,,,,,,,0.91,,,,,
PhP1(tmg)3,31.34,,,,,,1.72 0.80,,tmg,bn,1-Napht,,tmp
